first_name	last_name
Amy	Archer
Clay	Jones
Brad	Davis
Jamie	Stuart
Lisa	Archer
Clay	Porter
Alex	Porter
Brad	Walsh
Travis	Stuart
Justin	Jones
Tom	Davis
Alex	Jensen
Tom	Foley
Amy	Stuart
Nina	Davis
Justin	Stuart
Travis	Jones
Travis	Stuart
Lisa	Walsh
Brad	Archer
Lisa	Porter
Travis	Walsh
Mark	Stuart
Nina	Porter
Mark	Jones
Lisa	Stuart
Lisa	Jones
Brad	Walsh
Jamie	Porter
Travis	Walsh
Justin	Archer
Jamie	Jensen
Amy	Stuart
Mark	Davis
Mark	Stuart
Lisa	Jones
Nina	Walsh
Travis	Archer
Jamie	Walsh
Justin	Walsh
Jamie	Porter
Jamie	Jones
Lisa	Davis
Nina	Archer
Alex	Doe
Jamie	Archer
Amy	Stuart
Justin	Doe
Lisa	Walsh
Alex	Davis
Lisa	Doe
Brad	Foley
Travis	Stuart
Mark	Davis
Brad	Jensen
Travis	Davis
Lisa	Doe
Lisa	Davis
Travis	Foley
Mark	Foley
Nina	Foley
Tom	Jones
Jamie	Foley
Travis	Davis
Tom	Stuart
Clay	Foley
Mark	Archer
Travis	Jones
Alex	Porter
Justin	Porter
Alex	Foley
Tom	Jensen
Travis	Jones
Justin	Foley
Jamie	Jones
Nina	Jensen
Alex	Doe
Nina	Doe
Jamie	Jones
Lisa	Archer
Alex	Archer
Brad	Jones
Justin	Jones
Alex	Doe
Amy	Walsh
Clay	Porter
Nina	Doe
Justin	Davis
Jamie	Archer
Lisa	Foley
Lisa	Porter
Tom	Foley
Amy	Jones
Amy	Davis
Mark	Walsh
Travis	Stuart
Amy	Doe
Jamie	Stuart
Jamie	Porter
Mark	Porter
